,0,1,2,3
0,15.236666053485234,0.3134904856580884,-0.3426956871121099,0.0
1,15.2463332539432,0.3096794181548569,-0.3418551075843329,0.0
2,15.255716560403044,0.30542005337832606,-0.3408909256269465,0.0
3,15.264556882150096,0.300668169333965,-0.3397829951762116,0.0
4,15.272597669910114,0.29537871280969347,-0.33850773158902897,0.0
5,15.27958553012729,0.28950701232541465,-0.3370375519712248,0.0
6,15.285270917040943,0.2830103342901042,-0.3353402492179764,0.0
7,15.289408906547859,0.2758497828841731,-0.33337830556834386,0.0
8,15.291760054213666,0.26799250764312665,-0.3311081601608375,0.0
9,15.292091337864434,0.25941413535673036,-0.32847945791022953,0.0
10,15.290177182960196,0.2501012883841306,-0.32543432518426074,0.0
11,15.285800566462619,0.24005399708002825,-0.3219067423478955,0.0
12,15.278754192222312,0.22928777043998452,-0.3178221149238187,0.0
13,15.268841728114893,0.21783506901772726,-0.31309718346267346,0.0
14,15.255879092352615,0.20574593943913985,-0.3076404547146201,0.0
15,15.239695773696013,0.19308762736145532,-0.3013533774177542,0.0
16,15.220136167779716,0.17994308377199103,-0.2941325141478407,0.0
17,15.19706090950785,0.16640840576104998,-0.28587295943972096,0.0
18,15.170348179487409,0.15258938574740322,-0.27647320153868515,0.0
19,15.139894960734603,0.13859745664084053,-0.2658414965037968,0.0
20,15.105618220379942,0.12454539146566301,-0.2539036012022275,0.0
21,15.067455989808686,0.11054313103133043,-0.2406113980738764,0.0
22,15.025368315680307,0.09669407218429528,-0.22595157696809692,0.0
23,14.979338053768586,0.08309206452474643,-0.20995320097399034,0.0
24,14.929371477881432,0.06981925575159999,-0.1926927953622457,0.0
25,14.875498677680394,0.05694481710563651,-0.1742956869711303,0.0
26,14.817773722444905,0.044524488656868096,-0.15493275723889208,0.0
27,14.756274572997068,0.03260081994539058,-0.13481251577006365,0.0
28,14.691102731115741,0.02120394741219313,-0.11416928212528207,0.0
29,14.622382624450173,0.010352742707656591,-0.09324902650064824,0.0
30,14.550260734460881,5.6178446524853744e-05,-0.07229482797376881,0.0
31,14.47490448430565,-0.00968521752650809,-0.051533847699261635,0.0
32,14.396500911863452,-0.0188779187345928,-0.031167238623513747,0.0
33,14.315255159450679,-0.027534037455549734,-0.0113637092771986,0.0
34,14.231388815774249,-0.03567008672562479,0.007743247981184682,0.0
35,14.145138147213995,-0.043305889605051766,0.026054991330705955,0.0
36,14.056752254891613,-0.050463642428431765,0.04350504570866968,0.0
37,13.966491191637283,-0.057167127693117006,0.06005498205693939,0.0
38,13.874624069462277,-0.06344106523345414,0.07568964032503091,0.0
39,13.781427184012674,-0.06931058648586332,0.09041229428965294,0.0
40,13.687182178151225,-0.07480081511266777,0.10424015675698026,0.0
41,13.59217426260711,-0.07993653729030395,0.11720044804702065,0.0
42,13.496690507750436,-0.08474194600108209,0.12932711657654145,0.0
43,13.401018217097283,-0.08924044526526,0.14065820978191262,0.0
44,13.305443390172845,-0.09345450210691593,0.15123384004938525,0.0
45,13.210249279849112,-0.09740553595887914,0.16109466431994543,0.0
46,13.115715047198117,-0.10111383705062424,0.17028078848799244,0.0
47,13.022114515218597,-0.10459850701433611,0.17883101123657957,0.0
48,12.92971502145365,-0.10787741645062254,0.18678233122564122,0.0
49,12.838776368472917,-0.11096717550252644,0.1941696530802421,0.0
50,12.749549870399825,-0.11388311459457615,0.20102563932304324,0.0
51,12.662277493082698,-0.11663927341059666,0.20738066614554035,0.0
52,12.577191085101813,-0.11924839692183012,0.21326285023003658,0.0
53,12.494511696540613,-0.12172193784920733,0.21869812160427446,0.0
54,12.41444898229944,-0.12407006536465659,0.22371032381790532,0.0
55,12.337200686668757,-0.12630168012067003,0.22832132775003489,0.0
56,12.262952205882453,-0.12842443585985075,0.2325511492928716,0.0
57,12.191876225420279,-0.1304447679123608,0.23641806420434672,0.0
58,12.124132428902847,-0.13236792885532797,0.23993871575658748,0.0
59,12.05986727550805,-0.13419803150165424,0.2431282125742364,0.0
60,11.99921384291991,-0.13593809922424782,0.24600021537714833,0.0
61,11.942291732889919,-0.1375901234240856,0.2485670123129655,0.0
62,11.889207036538224,-0.13915512773504754,0.25083958326426276,0.0
63,11.840052356542872,-0.1406332383429295,0.252827654004899,0.0
64,11.794906883356965,-0.1420237595965114,0.2545397414115633,0.0
65,11.753836522556313,-0.14332525391892145,0.2559831911506969,0.0
66,11.716894070357009,-0.14453562489867977,0.25716420939218043,0.0
67,11.684119434257802,-0.14565220235916487,0.2580878901775402,0.0
68,11.655539895663471,-0.14667182817660657,0.25875824011498205,0.0
69,11.631170411240436,-0.1475909416401299,0.25917820210461684,0.0
70,11.6110139496538,-0.14840566321955,0.25934967982861284,0.0
71,11.59506186024519,-0.14911187572129403,0.2592735647821024,0.0
72,11.583294270142046,-0.1497053019615117,0.2589497676763302,0.0
73,11.575680506250112,-0.15018157825814843,0.258377256116019,0.0
74,11.572179538578057,-0.150536323229829,0.2575541005336363,0.0
75,11.572740441382653,-0.15076520157822576,0.2564775304445826,0.0
76,11.5773028687072,-0.15086398271230797,0.2551440031545278,0.0
77,11.58579754101681,-0.15082859423886313,0.25354928708324337,0.0
78,11.59814673981023,-0.15065517048699495,0.25168856184334754,0.0
79,11.614264807306238,-0.1503400963497797,0.2495565370980044,0.0
80,11.634058648557716,-0.1498800468107121,0.2471475919860803,0.0
81,11.657428233631608,-0.1492720225745901,0.2444559365124177,0.0
82,11.684267097799493,-0.14851338224243824,0.24147579572208455,0.0
83,11.714462838001957,-0.14760187145970954,0.23820161668336506,0.0
84,11.747897604170543,-0.1465356494294073,0.2346282972780587,0.0
85,11.784448584303146,-0.1453133131208755,0.2307514345388659,0.0
86,11.823988482482997,-0.14393391942557066,0.22656758880456526,0.0
87,11.86638598929813,-0.14239700541828235,0.22207455833533996,0.0
88,11.911506244350065,-0.14070260678151558,0.2172716573270464,0.0
89,11.959211290730636,-0.1388512743475938,0.21215998860299054,0.0
90,12.009360521490033,-0.13684408861298034,0.20674270079460497,0.0
91,12.061811118214617,-0.13468267198755138,0.20102521872032786,0.0
92,12.116418481879961,-0.13236919846295603,0.1950154351137974,0.0
93,12.173036656144074,-0.12990640032305292,0.1887238520025704,0.0
94,12.231518743202571,-0.1272975714793422,0.1821636610215447,0.0
95,12.291717312247116,-0.1245465669980757,0.17535075382017246,0.0
96,12.353484800457943,-0.12165779839511466,0.16830365646120313,0.0
97,12.41667390632974,-0.118636224310253,0.16104338518319897,0.0
98,12.48113797498586,-0.1154873362341117,0.1535932248828326,0.0
99,12.54673137498834,-0.11221713904599956,0.14597843585765927,0.0
100,12.613309866008901,-0.108832126227333,0.1382258983776724,0.0
101,12.680730956596392,-0.10533924973807682,0.13036370816026274,0.0
102,12.748854251165607,-0.10174588467809896,0.12242073848531411,0.0
103,12.817541785245181,-0.09805978899537589,0.11442618626716825,0.0
104,12.88665834796187,-0.09428905864233883,0.10640911977639833,0.0
105,12.956071790705579,-0.09044207871386413,0.09839804488496509,0.0
106,13.025653320914333,-0.08652747121936429,0.09042050482506316,0.0
107,13.095277779938886,-0.0825540402416103,0.08250272573580986,0.0
108,13.164823903991175,-0.07853071531179928,0.07466931701664163,0.0
109,13.234174567245397,-0.07446649388066762,0.0669430320267083,0.0
110,13.303217006242587,-0.07037038378723694,0.05934459126232861,0.0
111,13.37184302484545,-0.06625134661966652,0.05189256705710087,0.0
112,13.439949179096756,-0.06211824282768996,0.04460332626029645,0.0
113,13.507436941448818,-0.05797977938561776,0.03749102536201773,0.0
114,13.574212843951578,-0.053844460722354805,0.030567651179958695,0.0
115,13.640188600109466,-0.04972054353467256,0.0238430994744765,0.0
116,13.705281205241707,-0.04561599598694054,0.017325283644462543,0.0
117,13.769413015305133,-0.04153846167979271,0.011020265878212764,0.0
118,13.832511804261546,-0.037495228646785915,0.004932403682420648,0.0
119,13.894510800192668,-0.03349320351671684,-0.0009354945182526362,0.0
120,13.955348700483047,-0.029538890864005185,-0.006582010124902016,0.0
121,14.014969666504818,-0.025638377663876485,-0.01200695592731296,0.0
122,14.073323298346423,-0.021797322675584384,-0.01721122204176623,0.0
123,14.130364590230279,-0.018020950497414784,-0.022196628920998357,0.0
124,14.18605386736002,-0.014314049972686638,-0.026965789365244776,0.0
125,14.240356705027036,-0.010680976576661472,-0.031521980799794555,0.0
126,14.293243830886578,-0.007125658379808545,-0.035869028530278554,0.0
127,14.344691011386157,-0.003651605162330851,-0.040011200238919145,0.0
128,14.394678923391997,-0.0002619202469434842,-0.043953111635115165,0.0
129,14.443193012113177,0.003040685379965869,-0.04769964291102564,0.0
130,14.49022333646716,0.006253877076190421,-0.05125586546492832,0.0
131,14.535764403064624,0.009375679077931654,-0.054626978229616804,0.0
132,14.5798149900157,0.012404455931892051,-0.0578182528680888,0.0
133,14.622377961774445,0.015338893166665174,-0.060834987063567575,0.0
134,14.663460076243087,0.01817797751208225,-0.06368246512605091,0.0
135,14.70307178535354,0.020920976940992757,-0.06636592515515206,0.0
136,14.741227030330332,0.02356742077349006,-0.06889053203235974,0.0
137,14.777943032817959,0.026117080049732705,-0.07126135555970316,0.0
138,14.813240083026521,0.02856994834500362,-0.07348335311194078,0.0
139,14.847141326013393,0.03092622317001347,-0.07556135622260178,0.0
140,14.879672547176494,0.03318628807109424,-0.07750006057807628,0.0
141,14.910861957986622,0.03535069551906766,-0.07930401894673053,0.0
142,14.94073998293371,0.03742015065235521,-0.08097763662052548,0.0
143,14.969339048605022,0.03939549591933154,-0.08252516899403187,0.0
144,14.996693375753281,0.04127769664697908,-0.08395072094961853,0.0
145,15.022838775150072,0.04306782754745293,-0.0852582477577088,0.0
146,15.047812447955476,0.044767060161088224,-0.08645155723731067,0.0
147,15.07165279126922,0.046376651223462746,-0.08753431295462047,0.0
148,15.094399209462495,0.04789793193521453,-0.08851003826653454,0.0
149,15.116091931823672,0.04933229810616589,-0.08938212104161025,0.0
150,15.136771836985545,0.050681201139745384,-0.09015381891365674,0.0
151,15.156480284537585,0.05194613981952269,-0.09082826494296094,0.0
152,15.175258954163857,0.053128652856691785,-0.09140847357745885,0.0
153,15.193149692586488,0.05423031215538403,-0.09189734682119763,0.0
154,15.210194368536133,0.05525271675159882,-0.09229768053045857,0.0
155,15.226434735914886,0.05619748738117625,-0.09261217076916502,0.0
156,15.241912305264034,0.057066261632453374,-0.09284342016489627,0.0
157,15.256668223599,0.05786068963995038,-0.09299394421517644,0.0
158,15.27074316262675,0.05858243027651143,-0.09306617750088442,0.0
159,15.284177215317385,0.059233147802700344,-0.09306247976979805,0.0
160,15.297009800761113,0.05981450893384406,-0.09298514185859778,0.0
161,15.309279577204949,0.06032818028687447,-0.09283639142623183,0.0
162,15.321024363129556,0.060775826170975634,-0.09261839847550492,0.0
163,15.332281066196408,0.06115910668797495,-0.09233328064320355,0.0
164,15.343085619868273,0.06147967611037141,-0.091983108242083,0.0
165,15.353472927481977,0.061739181506856304,-0.09156990904070854,0.0
166,15.363476813531499,0.061939261587123894,-0.09109567276952406,0.0
167,15.373129981901524,0.062081545739677516,-0.09056235534366086,0.0
168,15.382463980776336,0.062167653238194356,-0.0899718827949701,0.0
169,15.391509173936543,0.062199192593819015,-0.08932615490756948,0.0
170,15.400294718146089,0.06217776103249098,-0.08862704855290772,0.0
171,15.408848546324524,0.06210494407808965,-0.08787642072195602,0.0
172,15.417197356194087,0.06198231522378031,-0.08707611125369051,0.0
173,15.425366604087868,0.06181143567548228,-0.08622794526051915,0.0
174,15.433380503604052,0.06159385415284158,-0.08533373525276047,0.0
175,15.44126202879139,0.06133110673449039,-0.08439528296569081,0.0
176,15.44903292155319,0.061024716735698356,-0.08341438089406111,0.0
177,15.456713702960435,0.06067619460778967,-0.0823928135403215,0.0
178,15.46432368816929,0.060287037849893595,-0.08133235838409987,0.0
179,15.471881004644128,0.05985873092473449,-0.08023478658173935,0.0
180,15.479402613394075,0.05939274517124414,-0.07910186340590655,0.0
181,15.486904332938753,0.058890538707796904,-0.0779353484364324,0.0
182,15.494400865727425,0.05835355632082582,-0.07673699551462501,0.0
183,15.50190582674492,0.05778322933448719,-0.07550855247429222,0.0
184,15.509431774047442,0.05718097545788575,-0.07425176066362539,0.0
185,15.516990240981304,0.05654819860717148,-0.0729683542729026,0.0
186,15.524591769848447,0.05588628870056081,-0.07166005948367873,0.0
187,15.53224594679307,0.055196621425024614,-0.07032859345571438,0.0
188,15.539961437694714,0.05448055797402426,-0.06897566316836454,0.0
189,15.547746024864285,0.053739444756262626,-0.06760296413348485,0.0
190,15.555606644350444,0.0529746130759551,-0.06621217899712273,0.0
191,15.563549423674994,0.05218737878560776,-0.06480497604732965,0.0
192,15.571579719826833,0.05137904191272763,-0.0633830076453789,0.0
193,15.579702157355005,0.05055088626227545,-0.061947908597470236,0.0
194,15.587920666412023,0.04970417899700863,-0.060501294483693346,0.0
195,15.596238520609411,0.04884017019815272,-0.05904475996056859,0.0
196,15.604658374557449,0.04796009240908346,-0.05757987705292741,0.0
197,15.613182300971447,0.047065160164898756,-0.056108193450222804,0.0
198,15.621811827236542,0.04615656951091569,-0.05463123082159554,0.0
199,15.63054797133253,0.045235497513240484,-0.053150483163159165,0.0
200,15.639391277029542,0.04430310176462949,-0.0516674151900435,0.0
201,15.648341848274091,0.04336051988889553,-0.05018346078473092,0.0
202,15.657399382693708,0.042408869047112,-0.048700021512181356,0.0
203,15.666563204156454,0.04144924544882746,-0.047218465211150674,0.0
204,15.675832294329577,0.040482723871444484,-0.0457401246700015,0.0
205,15.685205323188896,0.0395103571908121,-0.04426629639418448,0.0
206,15.694680678437848,0.038533175925967826,-0.04279823947144331,0.0
207,15.704256493801697,0.03755218780081785,-0.04133717453969432,0.0
208,15.713930676169078,0.03656837732538021,-0.03988428286144051,0.0
209,15.723700931558898,0.03558270539903697,-0.03844070550753145,0.0
210,15.733564789896523,0.0345961089380426,-0.03700754265206973,0.0
211,15.743519628588519,0.03360950052933336,-0.03558585297930354,0.0
212,15.753562694890297,0.03262376811246299,-0.03417665320244581,0.0
213,15.76369112706571,0.031639774691270606,-0.0327809176935152,0.0
214,15.773901974342193,0.030658358076663086,-0.0313995782225261,0.0
215,15.78419221566893,0.029680330661662174,-0.030033523803646177,0.0
216,15.794558777289598,0.028706479229649456,-0.028683600645313074,0.0
217,15.80499854914455,0.02773756479651408,-0.027350612200741708,0.0
218,15.815508400120592,0.026774322487193455,-0.026035319314766936,0.0
219,15.826085192169502,0.025817461446887985,-0.024738440462557243,0.0
220,15.836725793319049,0.02486766478702864,-0.023460652075389773,0.0
221,15.847427089602677,0.023925589565881915,-0.022202588948404003,0.0
222,15.858185995936374,0.022991866803500193,-0.020964844725041835,0.0
223,15.868999465972866,0.022067101530550703,-0.0197479724527344,0.0
224,15.879864500965347,0.02115187287040337,-0.018552485204307967,0.0
225,15.890778157674088,0.020246734153709964,-0.017378856759539332,0.0
226,15.901737555350827,0.01935221306458017,-0.016227522341309964,0.0
227,15.912739881836838,0.01846881181733917,-0.015098879400860883,0.0
228,15.923782398811309,0.01759700736275075,-0.01399328844674555,0.0
229,15.934862446227573,0.016737251622496424,-0.012911073912211515,0.0
230,15.945977445975249,0.01588997175063017,-0.011852525055901973,0.0
231,15.957124904806488,0.01505557042065611,-0.010817896890953293,0.0
232,15.968302416565095,0.014234426136835482,-0.009807411137777108,0.0
233,15.979507663757026,0.013426893568279618,-0.00882125719603722,0.0
234,15.990738418500992,0.01263330390436783,-0.007859593131574678,0.0
235,16.001992542897398,0.011853965230004686,-0.006922546674281693,0.0
236,16.01326798885388,0.01108916291922908,-0.006010216223183155,0.0
237,16.02456279740497,0.010339160045687959,-0.005122671855241559,0.0
238,16.035875097563096,0.009604197808500008,-0.00425995633466806,0.0
239,16.047203104737438,0.008884495972053399,-0.0034220861197733973,0.0
240,16.058545118756392,0.008180253318307396,-0.0026090523646570196,0.0
241,16.06989952152876,0.007491648110201519,-0.001820821913276701,0.0
242,16.0812647743778,0.0068188385648123295,-0.0010573382836874745,0.0
243,16.092639415081308,0.0061619633349421854,-0.00031852264047259934,0.0
244,16.1040220546502,0.005521141997870419,0.00039572524638429706,0.0
245,16.11541137387659,0.004896475550048245,0.0010855260577250336,0.0
246,16.126806119681742,0.004288046906571196,0.0017510199978720998,0.0
247,16.138205101292804,0.0036959214043184585,0.0023923658848558718,0.0
248,16.149607186276302,0.0031201473077051406,0.003009740259175188,0.0
249,16.161011296455104,0.0025607563160502636,0.0036033365118854285,0.0
250,16.172416403734356,0.002017764071622981,0.004173364032652282,0.0
251,16.183821525860836,0.0014911706674869644,0.004720047378266136,0.0
252,16.19522572213865,0.0009809611543192247,0.005243625461981883,0.0
253,16.206628089123313,0.00048710604543962863,0.005744350763927528,0.0
254,16.218027756314772,9.561819340785765e-06,0.006222488562718126,0.0
255,16.22942388186882,-0.00045172858093637695,0.006678316188314079,0.0
256,16.24081564834513,-0.000896835252182606,0.007112122296076447,0.0
257,16.252202258508845,-0.0013258408397076712,0.007524206161894519,0.0
258,16.263582931201558,-0.0017388400508348413,0.00791487699819477,0.0
259,16.274956897296327,-0.00213593917365796,0.008284453290581577,0.0
260,16.286323395750124,-0.0025172556014714125,0.008633262154810566,0.0
261,16.297681669766046,-0.002882917363238105,0.008961638713754086,0.0
262,16.309030963076598,-0.003233062660424392,0.00926992549398245,0.0
263,16.320370516358004,-0.0035678394104903225,0.009558471841557989,0.0
264,16.33169956378479,-0.0038874047972894386,0.009827633356615914,0.0
265,16.343017329732554,-0.004191924828600335,0.010077771346291346,0.0
266,16.35432302563604,-0.004481573900979091,0.010309252295539164,0.0
267,16.365615847008662,-0.004756534372097146,0.010522447355386428,0.0
268,16.37689497062851,-0.005016996140699806,0.010717731848157818,0.0
269,16.388159551895317,-0.005263156234300243,0.010895484789210479,0.0
270,16.399408722361677,-0.005495218404698696,0.011056088424722953,0.0
271,16.410641587441233,-0.005713392731400834,0.01119992778508785,0.0
272,16.42185722429569,-0.005917895232988359,0.011327390253466971,0.0
273,16.4330546799017,-0.006108947486481878,0.01143886514908,0.0
274,16.44423296929824,-0.006286776254719047,0.011534743324808217,0.0
275,16.455391074013995,-0.006451613121762509,0.011615416778711144,0.0
276,16.466527940674148,-0.006603694136336774,0.011681278279067965,0.0
277,16.477642479785025,-0.006743259463287007,0.01173272100256949,0.0
278,16.488733564694634,-0.0068705530430430055,0.011770138185306358,0.0
279,16.499800030726693,-0.006985822259064743,0.011793922786211416,0.0
280,16.510840674485138,-0.0070893176132391785,0.011804467162633135,0.0
281,16.521854253325813,-0.007181292409194465,0.011802162757732972,0.0
282,16.532839484991506,-0.0072620024434913045,0.011787399799413442,0.0
283,16.543795047406235,-0.007331705704650386,0.011760567010503055,0.0
284,16.55471957862437,-0.007390662079968536,0.011722051329935004,0.0
285,16.56561167692977,-0.007439133070077143,0.011672237644673402,0.0
286,16.576469901079932,-0.007477381511193123,0.01161150853215474,0.0
287,16.58729277068994,-0.007505671305010816,0.01154024401302292,0.0
288,16.598078766750756,-0.007524267156183248,0.011458821313950217,0.0
289,16.608826332276166,-0.007533434317340094,0.011367614640346985,0.0
290,16.619533873072676,-0.0075334383415879,0.01126699495877231,0.0
291,16.63019975862641,-0.007524544842440023,0.011157329788868811,0.0
292,16.64082232310104,-0.0075070192611206,0.01103898300465118,0.0
293,16.651399866440688,-0.007481126641188905,0.010912314644986633,0.0
294,16.661930655571606,-0.007447131410428698,0.010777680733112837,0.0
295,16.672412925696616,-0.00740529716994728,0.010635433105041302,0.0
296,16.682844881676015,-0.0073558864904284225,0.010485919246703397,0.0
297,16.693224699488887,-0.007299160715482814,0.010329482139696028,0.0
298,16.703550527768694,-0.007235379772039922,0.010166460115490165,0.0
299,16.713820489406984,-0.0071648019877222704,0.009997186717966792,0.0
300,16.72403268321934,-0.007087683915144581,0.00982199057414524,0.0
301,16.734185185667506,-0.007004280163077962,0.009641195272972972,0.0
302,16.744276052631946,-0.006914843234418003,0.009455119252043467,0.0
303,16.75430332122894,-0.006819623370894664,0.009264075692111264,0.0
304,16.764265011666783,-0.006718868404460359,0.009068372419269973,0.0
305,16.774159129135345,-0.006612823615290732,0.008868311814661998,0.0
306,16.78398366572381,-0.006501731596330289,0.008664190731583182,0.0
307,16.79373660236122,-0.006385832124314165,0.00845630041984685,0.0
308,16.803415910774753,-0.006265362037194458,0.008244926457270142,0.0
309,16.813019555460862,-0.0061405551178963244,0.008030348688139831,0.0
310,16.822545495664425,-0.006011641984329347,0.007812841168517238,0.0
311,16.831991687361285,-0.005878849985574173,0.0075926721182369055,0.0
312,16.841356085239816,-0.005742403104163554,0.007370103879450656,0.0
313,16.850636644677166,-0.005602521864374111,0.007145392881568397,0.0
314,16.859831323706125,-0.005459423246441777,0.00691878961244253,0.0
315,16.868938084968676,-0.005313320606612527,0.006690538595641444,0.0
316,16.877954897652522,-0.00516442360293466,0.0064608783736553035,0.0
317,16.88687973940703,-0.0050129381266996835,0.0062300414968738055,0.0
318,16.895710598235198,-0.004859066239432824,0.0059982545181757494,0.0
319,16.904445474358504,-0.004703006115333523,0.005765737992965295,0.0
320,16.91308238205154,-0.0045449519890625135,0.0055327064844915555,0.0
321,16.92161935144371,-0.004385094108770543,0.0052993685742825395,0.0
322,16.930054430285267,-0.004223618694259967,0.005065926877527807,0.0
323,16.938385685675254,-0.004060707900169013,0.004832578063237714,0.0
324,16.946611205748997,-0.003896539784065934,0.004599512879011678,0.0
325,16.9547291013231,-0.003731288279337513,0.004366916180242883,0.0
326,16.962737507495923,-0.0035651231727549695,0.004134966963588845,0.0
327,16.970634585201765,-0.0033982100865983427,0.003903838404537227,0.0
328,16.978418522717117,-0.0032307104652181083,0.003673697898894148,0.0
329,16.986087537117562,-0.0030627815659114268,0.003444707108026275,0.0
330,16.9936398756839,-0.0028945764539886724,0.0032170220076850704,0.0
331,17.001073817256433,-0.002726244001905773,0.0029907929402453277,0.0
332,17.008387673536358,-0.002557928892334374,0.002766164670189025,0.0
333,17.01557979033334,-0.002389771625043436,0.0025432764426693726,0.0
334,17.022648548758607,-0.0022219085274634894,0.002322262044988959,0.0
335,17.02959236636289,-0.0020544717688041675,0.0021032498708305927,0.0
336,17.036409698218783,-0.0018875893775966476,0.0018863629870785048,0.0
337,17.043099037947105,-0.0017213852625303741,0.001671719203073478,0.0
338,17.049658918687093,-0.0015559792364553333,0.0014594311421446448,0.0
339,17.05608791401028,-0.001391487043419148,0.0012496063152647825,0.0
340,17.062384638778,-0.0012280203886117732,0.001042347196680711,0.0
341,17.068547749942702,-0.0010656869710858855,0.0008377513013690701,0.0
342,17.07457594729315,-0.0009045905191291884,0.000635911264175778,0.0
343,17.08046797414395,-0.000744830828156894,0.00043691492049670685,0.0
344,17.086222617969575,-0.0005865038010019833,0.00024084538836414345,0.0
345,17.091838710983566,-0.0004297014904752181,4.7781151803581765e-05,0.0
346,17.097315130663286,-0.0002745121440735087,-0.00014220385466811035,0.0
347,17.10265080022093,-0.00012102025071290597,-0.00032904016052918565,0.0
348,17.107844689021483,3.069341063451257e-05,-0.0005126626728482814,0.0
349,17.1128958129483,0.00018055172051746008,-0.0006930105891050814,0.0
350,17.117803234717258,0.00032848116691489964,-0.0008700273093528885,0.0
351,17.122566064140283,0.0004744117915916257,-0.0010436603478338777,0.0
352,17.12718345833911,0.0006182771350135526,-0.0012138612441523252,0.0
353,17.1316546219105,0.0007600141799345665,-0.001380585474112289,0.0
354,17.135978807043614,0.0008995632937609807,-0.0015437923603151488,0.0
355,17.140155313590945,0.0010368681698028025,-0.0017034449826156103,0.0
356,17.14418348909365,0.0011718757675122193,-0.0018595100885251206,0.0
357,17.14806272876262,0.0013045362518134724,-0.0020119580036525747,0.0
358,17.151792475416336,0.0014348029316200608,-0.0021607625422631793,0.0
359,17.155372219376805,0.0015626321976367668,-0.0023059009180395455,0.0
360,17.158801498324753,0.0016879834595389862,-0.002447353655116524,0.0
361,17.16207989711532,0.001810819082619533,-0.002585104499467119,0.0
362,17.16520704755561,0.0019311043239907705,-0.0027191403307045563,0.0
363,17.16818262814524,0.002048807268426608,-0.0028494510743694965,0.0
364,17.171006363781302,0.0021638987639264608,-0.0029760296147617223,0.0
365,17.173678025429016,0.002276352357079845,-0.003098871708376889,0.0
366,17.176197429759334,0.0023861442283079765,-0.0032179758980025027,0.0
367,17.178564438754886,0.002493253127055478,-0.0033333434275271395,0.0
368,17.18077895928552,0.0025976603070023115,-0.0034449781575099734,0.0
369,17.182840942654803,0.002699349461364133,-0.0035528864815577584,0.0
370,17.184750384118797,0.0027983066583450542,-0.0036570772435532703,0.0
371,17.186507322378365,0.0028945202768048237,-0.00375756165577388,0.0
372,17.18811183904637,0.0029879809421992933,-0.003854353217939044,0.0
373,17.189564058091058,0.003078681462850615,-0.0039474676372211765,0.0
374,17.19086414525685,0.00316661676660007,-0.0040369227492523625,0.0
375,17.192012307463894,0.003251783837895018,-0.004122738440157002,0.0
376,17.193008792187605,0.0033341816553572393,-0.004204936569637759,0.0
377,17.193853886819394,0.0034138111298783382,-0.0042835408951392324,0.0
378,17.194547918009885,0.0034906750432852703,-0.004358576997114565,0.0
379,17.195091250995766,0.0035647779876155387,-0.004430072205412422,0.0
380,17.195484288911526,0.0036361263050406307,-0.004498055526807395,0.0
381,17.19572747208718,0.0037047280284720112,-0.00456255757368713,0.0
382,17.195821277333188,0.0037705928228836836,-0.00462361049391287,0.0
383,17.195766217213638,0.0038337319273811,-0.0046812479018674994,0.0
384,17.19556283930886,0.0038941580980445464,-0.004735504810700462,0.0
385,17.195211725468514,0.003951885551574481,-0.004786417565781751,0.0
386,17.19471349105617,0.004006929909760677,-0.004834023779372224,0.0
387,17.194068784186484,0.0040593081447988805,-0.004878362266517401,0.0
388,17.19327828495595,0.004109038525473881,-0.004919472982170899,0.0
389,17.192342704668132,0.00415614056422658,-0.004957396959550758,0.0
390,17.191262785054438,0.004200634965122725,-0.004992176249732522,0.0
391,17.19003929749127,0.004242543572734608,-0.005023853862480757,0.0
392,17.18867304221453,0.004281889321951342,-0.005052473708319199,0.0
393,17.187164847532202,0.004318696188725763,-0.005078080541839684,0.0
394,17.185515569036063,0.004352989141768679,-0.005100719906248226,0.0
395,17.183726088813117,0.004384794095197133,-0.005120438079146166,0.0
396,17.181797314657683,0.004414137862142759,-0.005137282019542076,0.0
397,17.179730179284824,0.004441048109325518,-0.00515129931609204,0.0
398,17.17752563954587,0.004465553312594639,-0.005162538136561866,0.0
399,17.175184675646697,0.00448768271344007,-0.0051710471785059815,0.0
400,17.17270829036948,0.004507466276473984,-0.005176875621157259,0.0
401,17.17009750829852,0.004524934647882234,-0.005180073078519259,0.0
402,17.167353375050766,0.004540119114844125,-0.005180689553654848,0.0
403,17.164476956511642,0.004553051565917229,-0.005178775394161504,0.0
404,17.161469338076706,0.004563764452384311,-0.005174381248825111,0.0
405,17.158331623899677,0.004572290750556509,-0.0051675580254429195,0.0
406,17.155064936147348,0.004578663925028086,-0.005158356849804451,0.0
407,17.15167041426185,0.004582917892876051,-0.005146829025822623,0.0
408,17.148149214230706,0.004585086988796295,-0.005133025996801527,0.0
409,17.144502507865134,0.004585205931170318,-0.005116999307830858,0.0
410,17.14073148208696,0.004583309789051798,-0.005098800569296024,0.0
411,17.136837338224513,0.004579433950064359,-0.005078481421490566,0.0
412,17.132821291317917,0.004573614089201154,-0.005056093500319781,0.0
413,17.128684569433997,0.004565886138514759,-0.005031688404082201,0.0
414,17.124428412991193,0.004556286257687232,-0.005005317661316799,0.0
415,17.120054074094746,0.004544850805468414,-0.004977032699701893,0.0
416,17.115562815882292,0.004531616311969824,-0.00494688481599322,0.0
417,17.110955911880346,0.0045166194518038395,-0.004914925146986875,0.0
418,17.1062346453716,0.004499897018053317,-0.004881204641493809,0.0
419,17.101400308773428,0.00448148589706027,-0.004845774033311578,0.0
420,17.096454203027708,0.004461423044019528,-0.004808683815179196,0.0
421,17.091397637002075,0.004439745459364476,-0.0047699842137005205,0.0
422,17.08623192690278,0.0044164901659309,-0.0047297251652225845,0.0
423,17.080958395699266,0.0043916941868846855,-0.0046879562926527224,0.0
424,17.075578372560532,0.004365394524401091,-0.004644726883201255,0.0
425,17.07009319230335,0.004337628139078794,-0.004600085867033609,0.0
426,17.06450419485248,0.004308431930077234,-0.004554081796817735,0.0
427,17.058812724712794,0.004277842715961362,-0.004506762828151636,0.0
428,17.053020130453458,0.004245897216239998,-0.004458176700855214,0.0
429,17.047127764204113,0.0042126320335834294,-0.0044083707211126045,0.0
430,17.041136981163078,0.004178083636706261,-0.004357391744447691,0.0
431,17.035049139117554,0.00414228834390082,-0.004305286159520093,0.0
432,17.028865597975813,0.004105282307206988,-0.0042520998727238165,0.0
433,17.0225877193113,0.004067101497204863,-0.004197878293574853,0.0
434,17.016216865918654,0.004027781688415271,-0.004142666320871742,0.0
435,17.009754401381485,0.003987358445294556,-0.004086508329614084,0.0
436,17.00320168965196,0.003945867108810365,-0.004029448158662751,0.0
437,16.99656009464196,0.0039033427835833572,-0.0039715290991275565,0.0
438,16.989830979825893,0.003859820325582764,-0.003912793883466442,0.0
439,16.983015707854868,0.0038153343303612233,-0.0038532846752806003,0.0
440,16.97611564018224,0.0037699191218154445,-0.0037930430597911038,0.0
441,16.969132136700395,0.003723608741461006,-0.003732110034980824,0.0
442,16.96206655538859,0.0036764369382066664,-0.0036705260033869907,0.0
443,16.95492025197173,0.003628437158616356,-0.00360833076452926,0.0
444,16.947694579589992,0.0035796425376456937,-0.0035455635079578275,0.0
445,16.94039088847908,0.003530085889841642,-0.0034822628069068337,0.0
446,16.93301052566094,0.0034797997009911397,-0.0034184666125380856,0.0
447,16.925554834644906,0.0034288161202094504,-0.00335421224876017,0.0
448,16.918025155138928,0.0033771669524540315,-0.0032895364076082198,0.0
449,16.910422822770858,0.003324883651453296,-0.0032244751451695726,0.0
450,16.90274916881952,0.0032719973130394156,-0.00315906387804023,0.0
451,16.895005519955504,0.0032185386688732016,-0.0030933373802992568,0.0
452,16.887193197991344,0.003164538080550387,-0.0030273297809841936,0.0
453,16.87931351964106,0.003110025534079003,-0.0029610745620556383,0.0
454,16.87136779628875,0.003055030634716978,-0.0028946045568353325,0.0
455,16.86335733376615,0.0029995826021596774,-0.0028279519489041094,0.0
456,16.85528343213886,0.0029437102660675187,-0.00276114827144611,0.0
457,16.847147385501206,0.0028874420619241776,-0.0026942244070248846,0.0
458,16.838950481779314,0.002830806027215099,-0.0026272105877784254,0.0
459,16.83069400254248,0.0027738297979170825,-0.002560136396019032,0.0
460,16.822379222822416,0.0027165406052907398,-0.0024930307652252224,0.0
461,16.814007410940295,0.002658965272965229,-0.002425921981411619,0.0
462,16.805579828341422,0.0026011302143082752,-0.0023588376848651203,0.0
463,16.79709772943719,0.002543061430071231,-0.0022918048722331075,0.0
464,16.78856236145439,0.0024847845063027045,-0.002224849898951584,0.0
465,16.779974964291384,0.00242632461252072,-0.002157998482001173,0.0
466,16.77133677038121,0.0023677065001369924,-0.002091275702977535,0.0
467,16.762649004561275,0.002308954501125081,-0.002024706011464734,0.0
468,16.753912883949546,0.002250092526924464,-0.0019583132286995976,0.0
469,16.74512961782694,0.0021911440675737768,-0.0018921205515144077,0.0
470,16.736300407525896,0.0021321321910660195,-0.001826150556547555,0.0
471,16.727426446324788,0.002073079542917976,-0.0017604252047090617,0.0
472,16.71850891934813,0.0020140083459486225,-0.0016949658458913547,0.0
473,16.70954900347231,0.0019549404002577727,-0.0016297932239128334,0.0
474,16.700547867236697,0.0018958970834004973,-0.001564927481684014,0.0
475,16.69150667076004,0.0018368993507499546,-0.0015003881665855982,0.0
476,16.682426565661874,0.0017779677360422422,-0.0014361942360472685,0.0
477,16.673308694988812,0.0017191223520984246,-0.0013723640633175264,0.0
478,16.664154193145603,0.0016603828917165712,-0.001308915443414604,0.0
479,16.654964185830757,0.00160176862872926,-0.0012458655992476318,0.0
480,16.645739789976595,0.001543298419220403,-0.0011832311878989417,0.0
481,16.636482113693557,0.0014849907028957922,-0.0011210283070582042,0.0
482,16.62719225621867,0.00142686350460289,-0.0010592725015986417,0.0
483,16.617871307867947,0.0013689344359936284,-0.0009979787702863675,0.0
484,16.608520349992695,0.0013112206973266579,-0.0009371615726134777,0.0
485,16.599140454939455,0.0012537390794025642,-0.0008768348357473379,0.0
486,16.589732686013576,0.0011965059656285036,-0.0008170119615862484,0.0
487,16.580298097446175,0.0011395373342069073,-0.0007577058339140618,0.0
488,16.57083773436445,0.0010828487604445532,-0.0006989288256452271,0.0
489,16.56135263276516,0.00102645541917608,-0.0006406928061525432,0.0
490,16.55184381949117,0.0009703720872994221,-0.0005830091486697192,0.0
491,16.542312312210967,0.0009146131464177588,-0.0005258887377618833,0.0
492,16.532759119400982,0.0008591925855842034,-0.00046934197685569374,0.0
493,16.52318524033067,0.0008041240041450129,-0.000413378795822835,0.0
494,16.513591665050182,0.0007494206146782018,-0.0003580086586099943,0.0
495,16.5039793743806,0.0006950952460226721,-0.0003032405709078134,0.0
496,16.494349339906492,0.0006411603463944419,-0.0002490830878533244,0.0
497,16.48470252397091,0.0005876279865869295,-0.00019554432175917488,0.0
498,16.475039879672504,0.0005345098632509301,-0.00014263194986303455,0.0
499,16.465362350864822,0.0004818173022510506,-9.035322209240418e-05,0.0
500,16.45567087215766,0.00042956126209564083,-3.871496883803164e-05,0.0
501,16.44596636892033,0.00037775233743586535,1.2276391269091041e-05,0.0
502,16.436249757286852,0.0003264007626316573,6.261484358235646e-05,0.0
503,16.42652194416293,0.0002755164153811808,0.00011229476967110818,0.0
504,16.41678382723461,0.00022510882040974997,0.00016131093956455638,0.0
505,16.40703629497867,0.00017518715321681862,0.00020965850401175517,0.0
506,16.39728022667452,0.0001257602438759603,0.00025733298676327686,0.0
507,16.387516492417628,7.683658088718352e-05,0.00030433027687884966,0.0
508,16.377745953134415,2.8424315076656078e-05,0.000350646621064069,0.0
509,16.36796946059853,-1.946873645718295e-05,0.00039627861604225726,0.0
510,16.358187857448414,-6.68350863557426e-05,0.0004412232009636047,0.0
511,16.34840197720617,-0.00011366757297151376,0.0004854776498560985,0.0
512,16.338612644297633,-0.00015995935630183145,0.0005290395641219232,0.0
513,16.32882067407358,-0.00020570391388840363,0.00057190686508256,0.0
514,16.31902687283208,-0.00025089503668371965,0.0006140777865757387,0.0
515,16.30923203784187,-0.00029552682488804627,0.0006555508676072644,0.0
516,16.29943695736678,-0.000339593683758703,0.0006963249450613871,0.0
517,16.289642410691073,-0.00038309031939415505,0.0007363991464716546,0.0
518,16.27984916814578,-0.00042601173449555136,0.0007757728828549633,0.0
519,16.27005799113587,-0.0004683532241072126,0.0008144458416122469,0.0
520,16.26026963216827,-0.0005101103713393583,0.0008524179794969346,0.0
521,16.25048483488073,-0.0005512790430741931,0.0008896895156543135,0.0
522,16.24070433407143,-0.0005918553856581307,0.0009262609247334434,0.0
523,16.230928855729356,-0.000631835820581873,0.0009621329300736192,0.0
524,16.221159117065344,-0.0006712170401505764,0.000997306496967605,0.0
525,16.211395826543864,-0.000709996003146353,0.0010317828260026707,0.0
526,16.20163968391541,-0.0007481699304840582,0.0010655633464817934,0.0
527,16.191891380249523,-0.000785736300863271,0.001098649709925772,0.0
528,16.182151597968435,-0.0008226928464181832,0.0011310437836580321,0.0
529,16.17242101088126,-0.000859037548366477,0.0011627476444732898,0.0
530,16.16270028421875,-0.0008947686326596096,0.0011937635723912744,0.0
531,16.152990074668573,-0.0009298845656365674,0.00122409404449631,0.0
532,16.14329103041112,-0.0009643840496811128,0.0012537417288637056,0.0
533,16.133603791155736,-0.0009982660188865382,0.0012827094785742403,0.0
534,16.123928988177525,-0.0010315296347274284,0.001311000325816453,0.0
535,16.114267244354494,-0.0010641742817412607,0.0013386174760787405,0.0
536,16.104619174205215,-0.0010961995632206524,0.001365564302430449,0.0
537,16.094985383926858,-0.0011276052969183,0.0013918443398934985,0.0
538,16.085366471433638,-0.0011583915107653152,0.0014174612799038504,0.0
539,16.075763026395677,-0.00118855843860537,0.0014424189648643143,0.0
540,16.066175630278167,-0.0012181065159445963,0.0014667213827877226,0.0
541,16.056604856381004,-0.0012470363757203422,0.001490372662031247,0.0
542,16.04705126987866,-0.0012753488440882886,0.0015133770661218578,0.0
543,16.037515427860484,-0.0013030449362300945,0.0015357389886729018,0.0
544,16.027997879371256,-0.0013301258521831603,0.0015574629483912097,0.0
545,16.01849916545211,-0.001356592972692505,0.001578553584175427,0.0
546,16.00901981918174,-0.0013824478550867202,0.0015990156503046008,0.0
547,15.999560365717908,-0.0014076922291790701,0.0016188540117172447,0.0
548,15.990121322339236,-0.0014323279931943251,0.001638073639380103,0.0
549,15.980703198487278,-0.001456357209722973,0.0016566796057465064,0.0
550,15.97130649580888,-0.0014797821017029137,0.001674677080304223,0.0
551,15.961931708198772,-0.0015026050484305145,0.001692071325211046,0.0
552,15.952579321842451,-0.0015248285816013797,0.0017088676910194847,0.0
553,15.943249815259286,-0.001546455381381972,0.0017250716124879873,0.0
554,15.933943659345871,-0.0015674882725125415,0.0017406886044794966,0.0
555,15.924661317419641,-0.0015879302204425518,0.0017557242579458263,0.0
556,15.91540324526268,-0.00160778432749921,0.0017701842359978352,0.0
557,15.906169891165778,-0.0016270538290899634,0.001784074270060108,0.0
558,15.896961695972685,-0.0016457420899394436,0.001797400156109368,0.0
559,15.88777909312462,-0.0016638526003616573,0.0018101677509961337,0.0
560,15.878622508704929,-0.0016813889725682126,0.0018223829688487885,0.0
561,15.869492361483996,-0.0016983549370125973,0.0018340517775584078,0.0
562,15.86038906296433,-0.0017147543387723016,0.0018451801953449562,0.0
563,15.851313017425824,-0.001730591133967669,0.0018557742874021302,0.0
564,15.842264621971253,-0.001745869386219602,0.001865840162621193,0.0
565,15.833244266571919,-0.0017605932631451562,0.0018753839703925428,0.0
566,15.824252334113456,-0.0017747670328929683,0.001884411897483623,0.0
567,15.815289200441875,-0.0017883950607176296,0.0018929301649928119,0.0
568,15.8063552344097,-0.0018014818055939524,0.0019009450253775402,0.0
569,15.797450797922334,-0.0018140318168718404,0.0019084627595560859,0.0
570,15.788576245984533,-0.0018260497309715122,0.0019154896740821836,0.0
571,15.779731926747091,-0.0018375402681195866,0.0019220320983907148,0.0
572,15.770918181553622,-0.001848508229126572,0.001928096382113947,0.0
573,15.762135344987527,-0.0018589584922056536,0.0019336888924671985,0.0
574,15.753383744919095,-0.0018688960098330546,0.001938816011702793,0.0
575,15.744663702552739,-0.0018783258056509085,0.0019434841346308413,0.0
576,15.735975532474363,-0.0018872529714113763,0.0019476996662063796,0.0
577,15.727319542698881,-0.001895682663963626,0.0019514690191813886,0.0
578,15.718696034717828,-0.0019036201022832576,0.0019547986118208273,0.0
579,15.71010530354714,-0.001911070564543783,0.001957694865681044,0.0
580,15.70154763777499,-0.001918039385231193,0.0019601642034504903,0.0
581,15.693023319609805,-0.0019245319523009596,0.001962213046850497,0.0
582,15.684532624928345,-0.001930553704377908,0.0019638478145955402,0.0
583,15.676075823323895,-0.0019361101279987197,0.001965074920412473,0.0
584,15.66765317815458,-0.0019412067548976312,0.0019659007711163873,0.0
585,15.659264946591751,-0.0019458491593345208,0.001966331764742923,0.0
586,15.65091137966848,-0.0019500429554657704,0.001966374288736011,0.0
587,15.642592722328121,-0.0019537937947583387,0.00196603471818953,0.0
588,15.63430921347297,-0.0019571073634458962,0.001965319414141602,0.0
589,15.626061086013014,-0.0019599893800278417,0.0019642347219215525,0.0
590,15.617848566914722,-0.0019624455928109346,0.001962786969547047,0.0
591,15.609671877249925,-0.0019644817774930635,0.001960982466171893,0.0
592,15.601531232244769,-0.001966103734789505,0.0019588275005818574,0.0
593,15.5934268413287,-0.001967317288101025,0.0019563283397389074,0.0
594,15.585358908183526,-0.001968128281224292,0.001953491227372197,0.0
595,15.577327630792517,-0.0019685425761037626,0.001950322382614482,0.0
596,15.569333201489556,-0.001968566050625477,0.0019468279986839326,0.0
597,15.561375807008336,-0.0019682045964519506,0.001943014241609345,0.0
598,15.553455628531566,-0.001967464116898625,0.00193888724899856,0.0
599,15.54557284174025,-0.001966350524851098,0.0019344531288485998,0.0
600,15.537727616862945,-0.001964869740723025,0.0019297179583971872,0.0
601,15.529920118725073,-0.0019630276904547737,0.0019246877830138337,0.0
602,15.522150506798233,-0.0019608303035521355,0.0019193686151304963,0.0
603,15.514418935249527,-0.0019582835111654037,0.0019137664332106962,0.0
604,15.506725552990897,-0.0019553932442075545,0.00190788718075544,0.0
605,15.499070503728436,-0.0019521654315124391,0.0019017367653462339,0.0
606,15.491453926011747,-0.001948605998031757,0.001895321057723611,0.0
607,15.483875953283224,-0.0019447208630713596,0.0018886458909004604,0.0
608,15.476336713927376,-0.001940515938565413,0.0018817170593093252,0.0
609,15.468836331320098,-0.001935997127389496,0.0018745403179832667,0.0
610,15.461374923877921,-0.0019311703217112519,0.0018671213817688405,0.0
611,15.45395260510726,-0.0019260414013784644,0.0018594659245706588,0.0
612,15.446569483653565,-0.0019206162323449265,0.0018515795786273792,0.0
613,15.439225663350499,-0.0019149006651327444,0.0018434679338169499,0.0
614,15.431921243269018,-0.0019089005333314888,0.0018351365369920873,0.0
615,15.424656317766438,-0.0019026216521334368,0.0018265908913441297,0.0
616,15.417430976535412,-0.0018960698169046422,0.0018178364557945256,0.0
617,15.410245304652873,-0.0018892508017917763,0.0018088786444144743,0.0
618,15.403099382628897,-0.0018821703583639846,0.001799722825869947,0.0
619,15.395993286455484,-0.0018748342142893418,0.0017903743228939535,0.0
620,15.38892708765529,-0.0018672480720461336,0.0017808384117831842,0.0
621,15.381900853330247,-0.0018594176076677275,0.0017711203219197525,0.0
622,15.374914646210112,-0.001851348469521474,0.0017612252353167762,0.0
623,15.367968524700926,-0.001843046277121014,0.0017511582861876973,0.0
624,15.361062542933364,-0.0018345166199707913,0.0017409245605380728,0.0
625,15.354196750810996,-0.0018257650564441738,0.001730529095780025,0.0
626,15.347371194058416,-0.0018167971126928802,0.001719976880368257,0.0
627,15.340585914269305,-0.0018076182815885279,0.0017092728534572172,0.0
628,15.333840948954311,-0.001798234021695545,0.0016984219045787785,0.0
629,15.327136331588889,-0.0017886497562751118,0.0016874288733403646,0.0
630,15.320472091660923,-0.0017788708723197669,0.0016762985491424454,0.0
631,15.313848254718284,-0.0017689027196181658,0.0016650356709151661,0.0
632,15.307264842416238,-0.0017587506098497665,0.001653644926873729,0.0
633,15.300721872564683,-0.0017484198157088286,0.0016421309542916068,0.0
634,15.294219359175274,-0.0017379155700580195,0.0016304983392921282,0.0
635,15.287757312508386,-0.0017272430651099828,0.001618751616656425,0.0
636,15.281335739119903,-0.0017164074516377334,0.0016068952696488626,0.0
637,15.274954641907893,-0.001705413838212852,0.0015949337298586488,0.0
638,15.26861402015906,-0.0016942672904711922,0.001582871377057381,0.0
639,15.262313869595072,-0.0016829728304061972,0.0015707125390722744,0.0
640,15.256054182418701,-0.0016715354356880662,0.0015584614916744847,0.0
641,15.249834947359798,-0.0016599600390102727,0.0015461224584821182,0.0
642,15.243656149721037,-0.0016482515274618152,0.0015336996108781349,0.0
643,15.237517771423555,-0.0016364147419249333,0.0015211970679418934,0.0
644,15.231419791052325,-0.0016244544764984793,0.001508618896394421,0.0
645,15.225362183901382,-0.001612375477946032,0.0014959691105573792,0.0
646,15.219344922018841,-0.0016001824451682665,0.0014832516723248862,0.0
647,15.213367974251685,-0.0015878800287001935,0.001470470491148079,0.0
648,15.207431306290399,-0.0015754728302318003,0.0014576294240323355,0.0
649,15.201534880713353,-0.0015629654021521487,0.0014447322755461193,0.0
650,15.195678657030976,-0.0015503622471166039,0.0014317827978421057,0.0
651,15.189862591729737,-0.001537667817637047,0.001418784690689782,0.0
652,15.184086638315879,-0.0015248865156942321,0.0014057416015191024,0.0
653,15.178350747358952,-0.0015120226923721791,0.001392657125475403,0.0
654,15.17265486653508,-0.0014990806475145744,0.0013795348054847778,0.0
655,15.166998940670045,-0.0014860646294019076,0.0013663781323300511,0.0
656,15.16138291178212,-0.001472978834450309,0.0013531905447371402,0.0
657,15.155806719124636,-0.0014598274069307009,0.001339975429470971,0.0
658,15.150270299228346,-0.0014466144387080652,0.0013267361214415491,0.0
659,15.144773585943527,-0.0014333439690012216,0.0013134759038194673,0.0
660,15.139316510481844,-0.0014200199841616968,0.00130019800816063,0.0
661,15.133899001457948,-0.0014066464174724777,0.0012869056145398804,0.0
662,15.128520984930844,-0.0013932271489651114,0.0012736018516939776,0.0
663,15.123182384444974,-0.0013797660052560386,0.001260289797172606,0.0
664,15.117883121071092,-0.0013662667594010595,0.0012469724774983682,0.0
665,15.112623113446817,-0.0013527331307675637,0.0012336528683348333,0.0
666,15.107402277816966,-0.0013391687849250852,0.0012203338946627387,0.0
667,15.102220528073607,-0.0013255773335524763,0.0012070184309638699,0.0
668,15.097077775795842,-0.0013119623343628695,0.0011937093014129775,0.0
669,15.091973930289335,-0.0012983272910449823,0.0011804092800768522,0.0
670,15.086908898625538,-0.001284675653220981,0.001167121091121118,0.0
671,15.081882585680676,-0.001271010816420596,0.0011538474090240338,0.0
672,15.07689489417443,-0.0012573361220710982,0.0011405908587973454,0.0
673,15.07194572470836,-0.0012436548575027176,0.0011273540162140383,0.0
674,15.067034975804036,-0.0012299702559693262,0.0011141394080428193,0.0
675,15.062162543940893,-0.0012162854966842843,0.0011009495122891269,0.0
676,15.057328323593794,-0.001202603704871015,0.0010877867584426378,0.0
677,15.052532207270312,-0.0011889279518276462,0.0010746535277307116,0.0
678,15.047774085547747,-0.001175261255005955,0.0010615521533785003,0.0
679,15.043053847109805,-0.0011616065781043623,0.0010484849208746811,0.0
680,15.038371378783033,-0.0011479668311739895,0.0010354540682429203,0.0
681,15.033726565572952,-0.0011343448707388183,0.001022461786319653,0.0
682,15.029119290699878,-0.0011207434999277496,0.0010095102190366741,0.0
683,15.024549435634464,-0.0011071654686205961,0.0009966014637095295,0.0
684,15.020016880132957,-0.0010936134736054524,0.0009837375713313728,0.0
685,15.015521502272144,-0.0010800901587492077,0.0009709205468717839,0.0
686,15.011063178484012,-0.0010665981151793346,0.0009581523495809106,0.0
687,15.006641783590084,-0.0010531398814778313,0.0009454348932981015,0.0
688,15.002257190835515,-0.0010397179438859305,0.0009327700467657751,0.0
689,14.997909271922813,-0.0010263347365210562,0.0009201596339479367,0.0
690,14.993597897045333,-0.0010129926416034781,0.0009076054343530492,0.0
691,14.989322934920418,-0.000999693989694714,0.0008951091833617999,0.0
692,14.985084252822258,-0.0009864410599453098,0.0008826725725585518,0.0
693,14.980881716614466,-0.0009732360803539498,0.0008702972500678872,0.0
694,14.976715190782317,-0.0009600812280352861,0.0008579848208944812,0.0
695,14.972584538464723,-0.0009469786294984075,0.0008457368472676932,0.0
696,14.968489621485869,-0.0009339303609343513,0.0008335548489895544,0.0
697,14.96443030038658,-0.0009209384485126513,0.0008214403037868388,0.0
698,14.960406434455361,-0.0009080048686872344,0.0008093946476664695,0.0
699,14.956417881759162,-0.000895131548510839,0.0007974192752752603,0.0
700,14.95246449917379,-0.0008823203659579205,0.0007855155402622046,0.0
701,14.948546142414106,-0.0008695731502557817,0.0007736847556448861,0.0
702,14.944662666063817,-0.0008568916822242361,0.000761928194178877,0.0
703,14.940813923605052,-0.0008442776946223313,0.0007502470887301126,0.0
704,14.936999767447578,-0.000831732872503077,0.0007386426326506825,0.0
705,14.933220048957761,-0.000819258853575776,0.0007271159801574095,0.0
706,14.929474618487193,-0.0008068572285749774,0.0007156682467132625,0.0
707,14.925763325401032,-0.0007945295416367785,0.0007043005094116939,0.0
708,14.922086018106047,-0.0007822772906818051,0.0006930138073633911,0.0
709,14.918442544078353,-0.0007701019278044808,0.0006818091420858889,0.0
710,14.914832749890854,-0.0007580048596686654,0.0006706874778953501,0.0
711,14.911256481240393,-0.0007459874479097454,0.0006596497423007834,0.0
712,14.907713582974601,-0.0007340510095422017,0.0006486968264006436,0.0
713,14.904203899118443,-0.0007221968173726245,0.0006378295852816075,0.0
714,14.900727272900475,-0.0007104261004192486,0.0006270488384191576,0.0
715,14.897283546778823,-0.0006987400443353072,0.0006163553700805003,0.0
716,14.893872562466832,-0.0006871397918388131,0.0006057499297287144,0.0
717,14.890494160958461,-0.000675626443146228,0.0005952332324297237,0.0
718,14.887148182553348,-0.0006642010564112848,0.0005848059592598395,0.0
719,14.883834466881632,-0.0006528646481683281,0.0005744687577156301,0.0
720,14.880552852928439,-0.0006416181937797266,0.0005642222421248205,0.0
721,14.877303179058114,-0.0006304626278872065,0.0005540669940587591,0.0
722,14.874085283038141,-0.0006193988448677145,0.000544003562746335,0.0
723,14.870899002062806,-0.0006084276992925835,0.0005340324654888246,0.0
724,14.86774417277654,-0.0005975500063900901,0.0005241541880758187,0.0
725,14.864620631297015,-0.000586766542511701,0.0005143691852023727,0.0
726,14.861528213237925,-0.0005760780456012556,0.000504677880886924,0.0
727,14.858466753731523,-0.0005654852156673763,0.0004950806688901185,0.0
728,14.855436087450837,-0.0005549887152583667,0.0004855779131340359,0.0
729,14.85243604863165,-0.0005445891699400887,0.00047616994812262325,0.0
730,14.849466471094178,-0.0005342871687759613,0.00046685707936210396,0.0
731,14.846527188264464,-0.000524083264809476,0.00045763958378186294,0.0
732,14.843618033195549,-0.0005139779755487853,0.00044851771015636996,0.0
733,14.840738838588306,-0.0005039717834532956,0.0004394916795263288,0.0
734,14.837889436812059,-0.0004940651364218487,0.00043056168562069015,0.0
735,14.835069659924885,-0.0004842584482826221,0.0004217278952784888,0.0
736,14.832279339693706,-0.0004745520992845706,0.00041299044887094856,0.0
737,14.829518307614066,-0.00046494643659014174,0.00040434946072295526,0.0
738,14.826786394929648,-0.00045544177476892003,0.00039580501953472014,0.0
739,14.824083432651594,-0.00044603839629235717,0.00038735718880280614,0.0
740,14.821409251577458,-0.00043673655202954226,0.0003790060072415107,0.0
741,14.81876368231001,-0.00042753646174321057,0.0003707514892029327,0.0
742,14.816146555275687,-0.0004184383145866729,0.0003625936250967996,0.0
743,14.81355770074287,-0.0004094422696009923,0.000354532381809868,0.0
744,14.810996948839861,-0.00040054845621187543,0.0003465677031242471,0.0
745,14.808464129572604,-0.0003917569747276796,0.00033869951013522923,0.0
746,14.805959072842207,-0.00038306789683615353,0.00033092770166792305,0.0
747,14.80348160846215,-0.0003744812661019262,0.0003232521546930829,0.0
748,14.801031566175304,-0.0003659970984630516,0.00031567272474203355,0.0
749,14.798608775670667,-0.00035761538272731174,0.00030818924631994946,0.0
750,14.79621306659988,-0.0003493360810677294,0.0003008015333182568,0.0
751,14.793844268593498,-0.0003411591295176445,0.00029350937942592374,0.0
752,14.791502211277017,-0.00033308443846437986,0.0002863125585387364,0.0
753,14.78918672428667,-0.0003251118931421103,0.0002792108251676391,0.0
754,14.786897637284998,-0.0003172413541240002,0.0002722039148454561,0.0
755,14.784634779976152,-0.0003094726578122232,0.0002652915445317327,0.0
756,14.782397982121022,-0.000301805616927247,0.00025847341301584055,0.0
757,14.780187073552085,-0.0002942400209953002,0.0002517492013188782,0.0
758,14.778001884188049,-0.00028677563683427153,0.0002451185730930264,0.0
759,14.775842244048274,-0.00027941220903785147,0.00023858117501931344,0.0
760,14.773707983266977,-0.00027214946045763574,0.00023213663720319044,0.0
761,14.771598932107175,-0.00026498709268353386,0.00022578457356839794,0.0
762,14.76951492097447,-0.00025792478652184503,0.00021952458224843243,0.0
763,14.767455780430573,-0.0002509622024708374,0.00021335624597541917,0.0
764,14.765421341206626,-0.00024409898119484666,0.00020727913246750056,0.0
765,14.7634114342163,-0.0002373347439952312,0.00020129279481331225,0.0
766,14.761425890568713,-0.0002306690932788048,0.0001953967718541481,0.0
767,14.759464541581103,-0.00022410161302400023,0.0001895905885638202,0.0
768,14.757527218791308,-0.00021763186924420418,0.00018387375642553417,0.0
769,14.755613753970046,-0.00021125941044820618,0.00017824577380668127,0.0
770,14.753723979132976,-0.0002049837680974454,0.00017270612633076007,0.0
771,14.751857726552586,-0.00019880445706089108,0.000167254287246412,0.0
772,14.750014828769832,-0.00019272097606608688,0.0001618897177936268,0.0
773,14.748195118605633,-0.0001867328081477911,0.00015661186756760656,0.0
774,14.746398429172146,-0.00018083942109261598,0.00015142017487899988,0.0
775,14.744624593883831,-0.00017504026788062903,0.00014631406711169474,0.0
776,14.742873446468334,-0.000169334787123633,0.00014129296107757047,0.0
777,14.741144820977215,-0.00016372240349975752,0.00013635626336785446,0.0
778,14.73943855179643,-0.00015820252818455192,0.0001315033707015855,0.0
779,14.737754473656663,-0.0001527745592783882,0.00012673367027093489,0.0
780,14.73609242164347,-0.00014743788223006902,0.00012204654008302293,0.0
781,14.73445223120721,-0.00014219187025647786,0.00011744134929908764,0.0
782,14.732833738172856,-0.00013703588475898464,0.00011291745856966803,0.0
783,14.731236778749548,-0.0001319692757350156,0.00010847422036660278,0.0
784,14.72966118954004,-0.00012699138218626147,0.00010411097931209163,0.0
785,14.728106807549931,-0.00012210153252280244,9.982707250361199e-05,0.0
786,14.72657347019673,-0.00011729904496279583,9.562182983595837e-05,0.0
787,14.725061015318751,-0.00011258322792796153,9.149457431925574e-05,0.0
788,14.723569281183844,-0.00010795338043525758,8.744462239386042e-05,0.0
789,14.722098106497949,-0.00010340879248378462,8.347128424126587e-05,0.0
790,14.72064733041348,-9.894874543795297e-05,7.957386409191374e-05,0.0
791,14.719216792537548,-9.457251240559719e-05,7.575166052867071e-05,0.0
792,14.717806332940045,-9.027935861181813e-05,7.20039667872404e-05,0.0
793,14.716415792161524,-8.606854176887751e-05,6.833007105215016e-05,0.0
794,14.715045011220935,-8.193931244097079e-05,6.472925674992955e-05,0.0
795,14.713693831623228,-7.789091440451176e-05,6.120080283754252e-05,0.0
796,14.712362095366753,-7.392258500441088e-05,5.774398408780139e-05,0.0
797,14.71104964495057,-7.00335555047104e-05,5.43580713704066e-05,0.0
798,14.70975632338153,-6.622305143578583e-05,5.1042331929443306e-05,0.0
799,14.70848197418125,-6.249029293555969e-05,4.779602965655973e-05,0.0
800,14.707226441392965,-5.883449508694779e-05,4.461842536116915e-05,0.0
801,14.705989569588146,-5.5254868250454054e-05,4.150877703580435e-05,0.0
802,14.704771203873069,-5.175061839129226e-05,3.846634011788466e-05,0.0
803,14.703571189895165,-4.832094740258679e-05,3.5490367747576945e-05,0.0
804,14.702389373849268,-4.4965053423233225e-05,3.2580111021779745e-05,0.0
805,14.701225602483717,-4.1682131150936816e-05,2.973481924401766e-05,0.0
806,14.700079723106295,-3.847137215072741e-05,2.6953740170281817e-05,0.0
807,14.698951583590068,-3.533196515811036e-05,2.423612025095517e-05,0.0
808,14.697841032379028,-3.226309637785073e-05,2.158120486886609e-05,0.0
809,14.696747918493683,-2.9263949777513718e-05,1.898823857313867e-05,0.0
810,14.695672091536444,-2.6333707376221455e-05,1.6456465309000884e-05,0.0
811,14.694613401696902,-2.347154952834755e-05,1.398512864370329e-05,0.0
812,14.69357169975698,-2.0676655202663727e-05,1.1573471988580184e-05,0.0
813,14.692546837095975,-1.7948202256147304e-05,9.220738816697675e-06,0.0
814,14.691538665695408,-1.5285367702834408e-05,6.926172876635606e-06,0.0
815,14.690547038143828,-1.2687327978412962e-05,4.689018402281133e-06,0.0
816,14.689571807641435,-1.0153259198997705e-05,2.5085203187120663e-06,0.0
817,14.688612828004604,-7.682337415598392e-06,3.8392444384439395e-07,0.0
818,14.687669953670294,-5.273738863306717e-06,-1.6855223139760186e-06,0.0
819,14.686743039700291,-2.9266402058779044e-06,-3.7005717618257823e-06,0.0
820,14.685831941785406,-6.402187752360405e-07,-5.661974233049268e-06,0.0
821,14.684936516249481,1.5863471941312559e-06,-7.57047840121946e-06,0.0
822,14.684056620053342,3.7538783350728546e-06,-9.42683109841935e-06,0.0
823,14.683192110798597,5.863193923289692e-06,-1.1231777137542952e-05,0.0
824,14.682342846731325,7.91511165704302e-06,-1.2986059138606917e-05,0.0
825,14.681508686745676,9.910447442268663e-06,-1.4690417358704114e-05,0.0
826,14.680689490387337,1.18500151821403e-05,-1.6345589526331052e-05,0.0
827,14.679885117856884,1.3734626571478788e-05,-1.795231067911963e-05,0.0
828,14.679095430013078,1.5565090896302106e-05,-1.951131300614663e-05,0.0
829,14.678320288375968,1.73422148374257e-05,-2.1023325693420748e-05,0.0
830,14.677559555129974,1.9066802279901923e-05,-2.2489074773577417e-05,0.0
831,14.676813093126803,2.0739654126035705e-05,-2.3909282979663347e-05,0.0
832,14.676080765888306,2.2361568114005368e-05,-2.528466960238331e-05,0.0
833,14.675362437609198,2.3933338640405935e-05,-2.661595035098107e-05,0.0
834,14.674657973159725,2.5455756588150524e-05,-2.7903837218691693e-05,0.0
835,14.67396723808816,2.692960915838486e-05,-2.9149038351099794e-05,0.0
836,14.673290098623276,2.8355679707624866e-05,-3.0352257918699968e-05,0.0
837,14.672626421676673,2.9734747588649054e-05,-3.1514195993203705e-05,0.0
838,14.671976074845045,3.106758799671697e-05,-3.263554842725393e-05,0.0
839,14.671338926412318,3.235497181983221e-05,-3.37170067379077e-05,0.0
840,14.670714845351707,3.359766549327458e-05,-3.475925799396517e-05,0.0
841,14.670103701327713,3.4796430859283815e-05,-3.576298470653971e-05,0.0
842,14.669505364697978,3.595202503049718e-05,-3.672886472352248e-05,0.0
843,14.668919706515087,3.706520025770841e-05,-3.7657571127369446e-05,0.0
844,14.668346598528263,3.8136703802673214e-05,-3.854977213668255e-05,0.0
845,14.667785913184987,3.916727781417918e-05,-3.940613101083865e-05,0.0
846,14.667237523632537,4.0157659209096654e-05,-4.022730595846102e-05,0.0
847,14.6667013037194,4.110857955729782e-05,-4.101395004919199e-05,0.0
848,14.666177127996683,4.2020764970838316e-05,-4.1766711128654694e-05,0.0
849,14.665664871719336,4.289493599735595e-05,-4.248623173713185e-05,0.0
850,14.665164410847396,4.373180751710533e-05,-4.317314903140989e-05,0.0
851,14.664675622047078,4.453208864449452e-05,-4.3828094709476496e-05,0.0
852,14.66419838269181,4.529648263336677e-05,-4.4451694939126805e-05,0.0
853,14.663732570863203,4.602568678649758e-05,-4.504457028962294e-05,0.0
854,14.663278065351935,4.672039236828493e-05,-4.560733566613965e-05,0.0
855,14.662834745658532,4.738128452202036e-05,-4.614060024755127e-05,0.0
856,14.662402491994131,4.800904219072925e-05,-4.664496742755447e-05,0.0
857,14.661981185281117,4.8604338041780804e-05,-4.7121034758464185e-05,0.0
858,14.661570707153702,4.916783839463628e-05,-4.756939389845925e-05,0.0
859,14.661170939958449,4.970020315331759e-05,-4.79906305612742e-05,0.0
860,14.660781766754697,5.0202085741645525e-05,-4.838532446914787e-05,0.0
861,14.660403071314938,5.0674133042277325e-05,-4.8754049308730846e-05,0.0
862,14.660034738125129,5.111698533913561e-05,-4.909737268983283e-05,0.0
863,14.659676652384896,5.1531276263713856e-05,-4.941585610653392e-05,0.0
864,14.659328700007718,5.1917632744195714e-05,-4.971005490179562e-05,0.0
865,14.658990767621027,5.2276674958454076e-05,-4.998051823434734e-05,0.0
866,14.658662742566236,5.260901628972057e-05,-5.0227789048209324e-05,0.0
867,14.658344512898683,5.291526328627908e-05,-5.0452404045193486e-05,0.0
868,14.65803596738759,5.319601562376309e-05,-5.065489365966686e-05,0.0
869,14.657736995515862,5.345186607090204e-05,-5.083578203626916e-05,0.0
870,14.657447487479871,5.368340045798064e-05,-5.09955870096335e-05,0.0
871,14.657167334189197,5.3891197649037995e-05,-5.113482008714636e-05,0.0
872,14.656896427266274,5.4075829516320745e-05,-5.125398643369605e-05,0.0
873,14.65663465904598,5.423786091796319e-05,-5.1353584859058225e-05,0.0
874,14.656381922575209,5.437784967883163e-05,-5.1434107807497016e-05,0.0
875,14.656138111612332,5.449634657361724e-05,-5.14960413500472e-05,0.0
876,14.655903120626633,5.459389531318303e-05,-5.153986517840068e-05,0.0
877,14.655676844797682,5.4671032533469813e-05,-5.156605260134814e-05,0.0
878,14.655459180014667,5.472828778701938e-05,-5.157507054379135e-05,0.0
879,14.655250022875629,5.476618353715626e-05,-5.156737954722404e-05,0.0
880,14.655049270686707,5.4785235154942046e-05,-5.1543433772631236e-05,0.0
881,14.654856821461273,5.47859509180506e-05,-5.1503681005379324e-05,0.0
882,14.654672573919061,5.4768832012967306e-05,-5.144856266236556e-05,0.0
883,14.654496427485196,5.473437253867908e-05,-5.1378513800512934e-05,0.0
884,14.654328282289239,5.468305951353461e-05,-5.129396312791544e-05,0.0
885,14.654168039164112,5.461537288387345e-05,-5.1195333016315275e-05,0.0
886,14.65401559964503,5.4531785534961775e-05,-5.108303951567656e-05,0.0
887,14.65387086596836,5.443276330456258e-05,-5.095749237036607e-05,0.0
888,14.653733741070427,5.431876499793239e-05,-5.081909503739789e-05,0.0
889,14.653604128586291,5.419024240551488e-05,-5.066824470606972e-05,0.0
890,14.653481932848484,5.4047640322436295e-05,-5.050533231938414e-05,0.0
891,14.653367058885678,5.389139657006458e-05,-5.033074259680551e-05,0.0
892,14.65325941242132,5.372194201941385e-05,-5.014485405938903e-05,0.0
893,14.653158899872231,5.353970061641357e-05,-4.994803905561308e-05,0.0
894,14.653065428347166,5.334508940930134e-05,-4.9740663788821125e-05,0.0
895,14.652978905645313,5.313851857734733e-05,-4.952308834668211e-05,0.0
896,14.652899240254769,5.29203914617423e-05,-4.929566673157835e-05,0.0
897,14.652826341350966,5.269110459805286e-05,-4.9058746892370634e-05,0.0
898,14.65276011879507,5.2451047749984356e-05,-4.881267075771926e-05,0.0
899,14.652700483132326,5.220060394532467e-05,-4.855777427044161e-05,0.0
900,14.652647345590374,5.194014951306913e-05,-4.8294387423369165e-05,0.0
901,14.652600618077514,5.1670054121876595e-05,-4.802283429636464e-05,0.0
902,14.652560213180976,5.139068082052946e-05,-4.774343309430284e-05,0.0
903,14.652526044165096,5.1102386079269947e-05,-4.7456496186460755e-05,0.0
904,14.652498024969494,5.080551983272678e-05,-4.716233014679822e-05,0.0
905,14.65247607020721,5.0500425524196806e-05,-4.686123579542904e-05,0.0
906,14.652460095162807,5.01874401508542e-05,-4.6553508241020355e-05,0.0
907,14.652450015790436,4.986689431067814e-05,-4.623943692427969e-05,0.0
908,14.652445748711866,4.9539112250429995e-05,-4.591930566238013e-05,0.0
909,14.652447211214486,4.920441191422581e-05,-4.5593392694063975e-05,0.0
910,14.652454321249287,4.886310499399102e-05,-4.526197072579728e-05,0.0
911,14.652466997428798,4.8515496980298385e-05,-4.4925306978873413e-05,0.0
912,14.65248515902498,4.816188721473426e-05,-4.4583663237320976e-05,0.0
913,14.652508725967138,4.780256894279959e-05,-4.4237295896111314e-05,0.0
914,14.652537618839737,4.7437829367897046e-05,-4.388645601075964e-05,0.0
915,14.652571758880267,4.7067949706303733e-05,-4.353138934711748e-05,0.0
916,14.652611067976984,4.669320524280082e-05,-4.317233643201818e-05,0.0
917,14.652655468666737,4.63138653872898e-05,-4.2809532604792595e-05,0.0
918,14.652704884132667,4.593019373162141e-05,-4.244320806895249e-05,0.0
919,14.652759238201936,4.554244810822616e-05,-4.207358794456305e-05,0.0
920,14.652818455343429,4.515088064804717e-05,-4.17008923213456e-05,0.0
921,14.652882460665401,4.475573784050034e-05,-4.13253363121367e-05,0.0
922,14.652951179913128,4.4357260592752776e-05,-4.094713010674631e-05,0.0
923,14.65302453946653,4.395568429047544e-05,-4.0566479026626455e-05,0.0
924,14.653102466337756,4.355123885881244e-05,-4.018358357927079e-05,0.0
925,14.653184888168745,4.3144148823806264e-05,-3.979863951366492e-05,0.0
926,14.653271733228802,4.2734633374394146e-05,-3.9411837875815685e-05,0.0
927,14.653362930412108,4.232290642451045e-05,-3.9023365064298915e-05,0.0
928,14.653458409235231,4.190917667612803e-05,-3.8633402886929514e-05,0.0
929,14.653558099834601,4.149364768215181e-05,-3.824212861675316e-05,0.0
930,14.653661932964006,4.107651790992298e-05,-3.784971504873861e-05,0.0
931,14.653769839991995,4.0657980805043086e-05,-3.745633055702187e-05,0.0
932,14.653881752899348,4.0238224855093925e-05,-3.706213915148814e-05,0.0
933,14.653997604276451,3.981743365406188e-05,-3.666730053539188e-05,0.0
934,14.65411732732071,3.939578596652464e-05,-3.627197016227881e-05,0.0
935,14.654240855833923,3.897345579253454e-05,-3.5876299293976606e-05,0.0
936,14.654368124219605,3.8550612432037526e-05,-3.5480435057653286e-05,0.0
937,14.654499067480373,3.812742054977177e-05,-3.5084520503822265e-05,0.0
938,14.654633621215236,3.7704040240387015e-05,-3.4688694663881794e-05,0.0
939,14.654771721616921,3.7280627093102444e-05,-3.429309260768145e-05,0.0
940,14.654913305469151,3.685733225695383e-05,-3.389784550132126e-05,0.0
941,14.655058310143936,3.643430250568408e-05,-3.350308066474255e-05,0.0
942,14.655206673598826,3.601168030275248e-05,-3.310892162954439e-05,0.0
943,14.655358334374172,3.55896038662343e-05,-3.27154881960289e-05,0.0
944,14.655513231590346,3.516820723392795e-05,-3.2322896491261495e-05,0.0
945,14.655671304944985,3.474762032767805e-05,-3.193125902603293e-05,0.0
946,14.65583249471017,3.432796901847778e-05,-3.1540684752139694e-05,0.0
947,14.655996741729666,3.3909375190768255e-05,-3.1151279119464684e-05,0.0
948,14.656163987416079,3.349195680684484e-05,-3.0763144133063595e-05,0.0
949,14.656334173748036,3.307582797113376e-05,-3.0376378409564302e-05,0.0
950,14.65650724326736,3.266109899388274e-05,-2.9991077233930332e-05,0.0
951,14.656683139076211,3.2247876455415146e-05,-2.9607332615646376e-05,0.0
952,14.656861804834246,3.183626326909901e-05,-2.922523334502573e-05,0.0
953,14.657043184755732,3.1426358744996925e-05,-2.8844865048718624e-05,0.0
954,14.657227223606695,3.101825865256743e-05,-2.8466310245571097e-05,0.0
955,14.657413866702019,3.0612055283579524e-05,-2.8089648401793867e-05,0.0
956,14.657603059902552,3.0207837514315143e-05,-2.7714955985790383e-05,0.0
957,14.65779474961224,2.9805690867519097e-05,-2.7342306523099132e-05,0.0
958,14.657988882775165,2.9405697574422966e-05,-2.6971770650871883e-05,0.0
959,14.658185406872665,2.9007936635607763e-05,-2.6603416171428566e-05,0.0
960,14.658384269920415,2.8612483882289228e-05,-2.6237308106397213e-05,0.0
961,14.65858542046547,2.8219412036642614e-05,-2.587350874978987e-05,0.0
962,14.658788807583367,2.78287907719933e-05,-2.5512077721212572e-05,0.0
963,14.658994380875146,2.7440686772610953e-05,-2.515307201823661e-05,0.0
964,14.659202090464426,2.7055163792894664e-05,-2.479654606855123e-05,0.0
965,14.659411886994459,2.6672282716179624e-05,-2.444255178176279e-05,0.0
966,14.659623721625149,2.6292101613142337e-05,-2.409113860116254e-05,0.0
967,14.659837546030108,2.591467579960493e-05,-2.3742353553990332e-05,0.0
968,14.660053312393694,2.554005789404428e-05,-2.3396241302401957e-05,0.0
969,14.660270973408027,2.5168297874499335e-05,-2.305284419345748e-05,0.0
970,14.66049048227002,2.4799443134939233e-05,-2.271220230878067e-05,0.0
971,14.660711792678415,2.443353854115054e-05,-2.237435351349067e-05,0.0
972,14.660934858830785,2.4070626485979442e-05,-2.2039333505014827e-05,0.0
973,14.661159635420574,2.371074694452598e-05,-2.170717586163149e-05,0.0
974,14.661386077634095,2.335393752812005e-05,-2.137791208951227e-05,0.0
975,14.661614141147544,2.3000233538025547e-05,-2.1051571670653248e-05,0.0
976,14.661843782124027,2.2649668018851315e-05,-2.0728182109283462e-05,0.0
977,14.66207495721055,2.2302271811085207e-05,-2.0407768978135206e-05,0.0
978,14.662307623535058,2.1958073603007046e-05,-2.0090355964234027e-05,0.0
979,14.662541738703407,2.1617099982410802e-05,-1.977596491418559e-05,0.0
980,14.662777260796405,2.1279375487342046e-05,-1.946461587876126e-05,0.0
981,14.663014148366795,2.094492265631707e-05,-1.9156327157212543e-05,0.0
982,14.663252360436282,2.0613762078246178e-05,-1.8851115340975235e-05,0.0
983,14.663491856492534,2.0285912441352526e-05,-1.854899535677165e-05,0.0
984,14.663732596486177,1.9961390581693355e-05,-1.824998050899961e-05,0.0
985,14.66397454082783,1.9640211531150172e-05,-1.795408252229747e-05,0.0
986,14.664217650385101,1.9322388564643635e-05,-1.7661311582595875e-05,0.0
987,14.664461886479593,1.9007933246831305e-05,-1.7371676378353977e-05,0.0
988,14.664707210883932,1.8696855478031508e-05,-1.708518414107863e-05,0.0
989,14.664953585818772,1.838916353996622e-05,-1.6801840684990498e-05,0.0
990,14.665200973949814,1.808486414027511e-05,-1.6521650446663107e-05,0.0
991,14.665449338384828,1.7783962456608527e-05,-1.6244616523684893e-05,0.0
992,14.66569864267068,1.7486462180653285e-05,-1.5970740712854636e-05,0.0
993,14.665948850790334,1.7192365560575335e-05,-1.570002354796058e-05,0.0
994,14.666199927159909,1.6901673443623474e-05,-1.5432464336963997e-05,0.0
995,14.666451836625704,1.661438531761932e-05,-1.5168061198562949e-05,0.0
996,14.6667045444612,1.633049935202747e-05,-1.49068110983613e-05,0.0
997,14.666958016364156,1.6050012438484972e-05,-1.4648709884094219e-05,0.0
998,14.667212218453596,1.577292023034164e-05,-1.4393752320682249e-05,0.0
999,14.667467117266888,1.5499217182221682e-05,-1.4141932124799683e-05,0.0
